Workbook
Name _Hlk168820753: 'ID11'!#REF!
Name _Hlk169183259: 'ID11'!#REF!

Sheet ID11
A1: TO10.01.1.D01 | B1: Cau hoi ly thuyet | C1: {=IFERROR(INDEX(Sheet2!B:B, MATCH(TRUE, LEFT(Sheet2!A:A,9)=LEFT(A1,9),0)),"")}
A2: TO10.01.1.D02 | B2: Xac dinh menh de, menh de chua bien | C2: {=IFERROR(INDEX(Sheet2!B:B, MATCH(TRUE, LEFT(Sheet2!A:A,9)=LEFT(A2,9),0)),"")}
A3: TO10.01.1.D03 | B3: Xet tinh dung sai cua mot menh de | C3: {=IFERROR(INDEX(Sheet2!B:B, MATCH(TRUE, LEFT(Sheet2!A:A,9)=LEFT(A3,9),0)),"")}
A4: TO10.01.1.D04 | B4: Phu dinh mot menh de | C4: {=IFERROR(INDEX(Sheet2!B:B, MATCH(TRUE, LEFT(Sheet2!A:A,9)=LEFT(A4,9),0)),"")}
A5: TO10.01.1.D05 | B5: Menh de keo theo, menh de dao, menh de tuong duong | C5: {=IFERROR(INDEX(Sheet2!B:B, MATCH(TRUE, LEFT(Sheet2!A:A,9)=LEFT(A5,9),0)),"")}
A6: TO10.01.1.D06 | B6: Ap dung menh de vao suy luan toan hoc | C6: {=IFERROR(INDEX(Sheet2!B:B, MATCH(TRUE, LEFT(Sheet2!A:A,9)=LEFT(A6,9),0)),"")}
A7: TO10.01.1.D07 | B7: Toan thuc te | C7: {=IFERROR(INDEX(Sheet2!B:B, MATCH(TRUE, LEFT(Sheet2!A:A,9)=LEFT(A7,9),0)),"")}
A8: TO10.01.2.D01 | B8: Cau hoi ly thuyet | C8: {=IFERROR(INDEX(Sheet2!B:B, MATCH(TRUE, LEFT(Sheet2!A:A,9)=LEFT(A8,9),0)),"")}
A9: TO10.01.2.D02 | B9: Xac dinh mot tap hop | C9: {=IFERROR(INDEX(Sheet2!B:B, MATCH(TRUE, LEFT(Sheet2!A:A,9)=LEFT(A9,9),0)),"")}
A10: TO10.01.2.D03 | B10: Cac phep toan ve giao, hop, hieu cua hai tap hop | C10: {=IFERROR(INDEX(Sheet2!B:B, MATCH(TRUE, LEFT(Sheet2!A:A,9)=LEFT(A10,9),0)),"")}
A11: TO10.01.2.D04 | B11: Tap hop con cua mot tap hop, hai tap hop bang nhau | C11: {=IFERROR(INDEX(Sheet2!B:B, MATCH(TRUE, LEFT(Sheet2!A:A,9)=LEFT(A11,9),0)),"")}
A12: TO10.01.2.D05 | B12: Toan thuc te, ung dung cua tap hop | C12: {=IFERROR(INDEX(Sheet2!B:B, MATCH(TRUE, LEFT(Sheet2!A:A,9)=LEFT(A12,9),0)),"")}
... A195: TO10.07.2.D16 | B195: Toan thuc te | C195: {=IFERROR(INDEX(Sheet2!B:B, MATCH(TRUE, LEFT(Sheet2!A:A,9)=LEFT(A195,9),0)),"")}
C196: {=IFERROR(INDEX(Sheet2!B:B, MATCH(TRUE, LEFT(Sheet2!A:A,9)=LEFT(A196,9),0)),"")} -> 0
A197: MÃ CĐ | B197: §23. Phuong trinh elip | C197: {=IFERROR(INDEX(Sheet2!B:B, MATCH(TRUE, LEFT(Sheet2!A:A,9)=LEFT(A197,9),0)),"")}
A198: TO10.07.3.D01 | B198: Cac cau hoi ly thuyet | C198: {=IFERROR(INDEX(Sheet2!B:B, MATCH(TRUE, LEFT(Sheet2!A:A,9)=LEFT(A198,9),0)),"")}
A199: TO10.07.3.D02 | B199: Nhan dang phuong trinh elip | C199: {=IFERROR(INDEX(Sheet2!B:B, MATCH(TRUE, LEFT(Sheet2!A:A,9)=LEFT(A199,9),0)),"")}
A200: TO10.07.3.D03 | B200: Xac dinh cac yeu to cua elip | C200: {=IFERROR(INDEX(Sheet2!B:B, MATCH(TRUE, LEFT(Sheet2!A:A,9)=LEFT(A200,9),0)),"")}
A201: TO10.07.3.D04 | B201: Viet phuong trinh elip | C201: {=IFERROR(INDEX(Sheet2!B:B, MATCH(TRUE, LEFT(Sheet2!A:A,9)=LEFT(A201,9),0)),"")}
A202: TO10.07.3.D05 | B202: Cac bieu thuc lien quan elip | C202: {=IFERROR(INDEX(Sheet2!B:B, MATCH(TRUE, LEFT(Sheet2!A:A,9)=LEFT(A202,9),0)),"")}
A203: TO10.07.3.D06 | B203: Tiep tuyen cua elip | C203: {=IFERROR(INDEX(Sheet2!B:B, MATCH(TRUE, LEFT(Sheet2!A:A,9)=LEFT(A203,9),0)),"")}
A204: TO10.07.3.D07 | B204: Bai toan lien quan den tuong giao cua elip | C204: {=IFERROR(INDEX(Sheet2!B:B, MATCH(TRUE, LEFT(Sheet2!A:A,9)=LEFT(A204,9),0)),"")}
A205: TO10.07.3.D08 | B205: Bai toan tong hop | C205: {=IFERROR(INDEX(Sheet2!B:B, MATCH(TRUE, LEFT(Sheet2!A:A,9)=LEFT(A205,9),0)),"")}
A206: TO10.07.3.D09 | B206: Toan thuc te | C206: {=IFERROR(INDEX(Sheet2!B:B, MATCH(TRUE, LEFT(Sheet2!A:A,9)=LEFT(A206,9),0)),"")}
A207: TO10.07.4.D01 | B207: Cac cau hoi ly thuyet | C207: {=IFERROR(INDEX(Sheet2!B:B, MATCH(TRUE, LEFT(Sheet2!A:A,9)=LEFT(A207,9),0)),"")}
A208: TO10.07.4.D02 | B208: Nhan dang phuong trinh parabol | C208: {=IFERROR(INDEX(Sheet2!B:B, MATCH(TRUE, LEFT(Sheet2!A:A,9)=LEFT(A208,9),0)),"")}
... A399: TO10.06.3.S07 | B399: Bai toan thuc te | C399: {=IFERROR(INDEX(Sheet2!B:B, MATCH(TRUE, LEFT(Sheet2!A:A,9)=LEFT(A399,9),0)),"")}
C400: {=IFERROR(INDEX(Sheet2!B:B, MATCH(TRUE, LEFT(Sheet2!A:A,9)=LEFT(A400,9),0)),"")} -> 0
A401: MÃ CĐ | B401: §19. Bat phuong trinh bac hai | C401: {=IFERROR(INDEX(Sheet2!B:B, MATCH(TRUE, LEFT(Sheet2!A:A,9)=LEFT(A401,9),0)),"")}
A402: TO10.06.4.S01 | B402: Cau hoi li thuyet | C402: {=IFERROR(INDEX(Sheet2!B:B, MATCH(TRUE, LEFT(Sheet2!A:A,9)=LEFT(A402,9),0)),"")}
A403: TO10.06.4.S02 | B403: Giai bat phuong trinh bac 2 | C403: {=IFERROR(INDEX(Sheet2!B:B, MATCH(TRUE, LEFT(Sheet2!A:A,9)=LEFT(A403,9),0)),"")}
A404: TO10.06.4.S03 | B404: Giai bat phuong trinh nho dau cua nhieu da thuc bac 1, bac 2 | C404: {=IFERROR(INDEX(Sheet2!B:B, MATCH(TRUE, LEFT(Sheet2!A:A,9)=LEFT(A404,9),0)),"")}
A405: TO10.06.4.S04 | B405: Giai he bat phuong trinh bac hai | C405: {=IFERROR(INDEX(Sheet2!B:B, MATCH(TRUE, LEFT(Sheet2!A:A,9)=LEFT(A405,9),0)),"")}
A406: TO10.06.4.S05 | B406: Tim m de phuong trinh bac 2 co nghiem thoa dieu kien | C406: {=IFERROR(INDEX(Sheet2!B:B, MATCH(TRUE, LEFT(Sheet2!A:A,9)=LEFT(A406,9),0)),"")}
A407: TO10.06.4.S06 | B407: Tim m de phuong trinh trung phuong co nghiem thoa dieu kien | C407: {=IFERROR(INDEX(Sheet2!B:B, MATCH(TRUE, LEFT(Sheet2!A:A,9)=LEFT(A407,9),0)),"")}
A408: TO10.06.4.S07 | B408: Tim m de phuong trinh bac 2 co nghiem hoac vo nghiem | C408: {=IFERROR(INDEX(Sheet2!B:B, MATCH(TRUE, LEFT(Sheet2!A:A,9)=LEFT(A408,9),0)),"")}
A409: TO10.06.4.S08 | B409: Tim m de bat phuong trinh bac 2 nghiem dung voi moi x | C409: {=IFERROR(INDEX(Sheet2!B:B, MATCH(TRUE, LEFT(Sheet2!A:A,9)=LEFT(A409,9),0)),"")}
A410: TO10.06.4.S09 | B410: Giai va bien luan bat phuong trinh bac hai | C410: {=IFERROR(INDEX(Sheet2!B:B, MATCH(TRUE, LEFT(Sheet2!A:A,9)=LEFT(A410,9),0)),"")}
A411: TO10.06.4.S10 | B411: Tim m de bat phuong trinh bac hai co nghiem hoac vo nghiem | C411: {=IFERROR(INDEX(Sheet2!B:B, MATCH(TRUE, LEFT(Sheet2!A:A,9)=LEFT(A411,9),0)),"")}
A412: TO10.06.4.S11 | B412: Tim m de he hai bat phuong trinh bac hai dung voi moi x | C412: {=IFERROR(INDEX(Sheet2!B:B, MATCH(TRUE, LEFT(Sheet2!A:A,9)=LEFT(A412,9),0)),"")}
... A414: TO10.06.4.S13 | B414: Cac bai toan thuc te | C414: {=IFERROR(INDEX(Sheet2!B:B, MATCH(TRUE, LEFT(Sheet2!A:A,9)=LEFT(A414,9),0)),"")}
C415: {=IFERROR(INDEX(Sheet2!B:B, MATCH(TRUE, LEFT(Sheet2!A:A,9)=LEFT(A415,9),0)),"")} -> 0
C416: {=IFERROR(INDEX(Sheet2!B:B, MATCH(TRUE, LEFT(Sheet2!A:A,9)=LEFT(A416,9),0)),"")} -> 0
A417: MÃ CĐ | B417: §20. Phuong trinh qui ve bac hai | C417: {=IFERROR(INDEX(Sheet2!B:B, MATCH(TRUE, LEFT(Sheet2!A:A,9)=LEFT(A417,9),0)),"")}
A418: TO10.06.5.S01 | B418: Cau hoi ly thuyet | C418: {=IFERROR(INDEX(Sheet2!B:B, MATCH(TRUE, LEFT(Sheet2!A:A,9)=LEFT(A418,9),0)),"")}
A419: TO10.06.5.S02 | B419: Phuong trinh can(A) bang B | C419: {=IFERROR(INDEX(Sheet2!B:B, MATCH(TRUE, LEFT(Sheet2!A:A,9)=LEFT(A419,9),0)),"")}
A420: TO10.06.5.S03 | B420: Phuong trinh can(A) bang can(B) | C420: {=IFERROR(INDEX(Sheet2!B:B, MATCH(TRUE, LEFT(Sheet2!A:A,9)=LEFT(A420,9),0)),"")}
A421: TO10.06.5.S04 | B421: Phuong trinh vo ty - dat an phu | C421: {=IFERROR(INDEX(Sheet2!B:B, MATCH(TRUE, LEFT(Sheet2!A:A,9)=LEFT(A421,9),0)),"")}
A422: TO10.06.5.S05 | B422: Phuong trinh vo ty (nhieu can - nang luy thua) | C422: {=IFERROR(INDEX(Sheet2!B:B, MATCH(TRUE, LEFT(Sheet2!A:A,9)=LEFT(A422,9),0)),"")}
A423: TO10.06.5.S06 | B423: Phuong trinh vo ty - dung luong lien hop | C423: {=IFERROR(INDEX(Sheet2!B:B, MATCH(TRUE, LEFT(Sheet2!A:A,9)=LEFT(A423,9),0)),"")}
A424: TO10.06.5.S07 | B424: Phuong trinh vo ty - dua ve dang tich | C424: {=IFERROR(INDEX(Sheet2!B:B, MATCH(TRUE, LEFT(Sheet2!A:A,9)=LEFT(A424,9),0)),"")}
A425: TO10.06.5.S08 | B425: Phuong trinh vo ty - dat an phu dua ve he | C425: {=IFERROR(INDEX(Sheet2!B:B, MATCH(TRUE, LEFT(Sheet2!A:A,9)=LEFT(A425,9),0)),"")}
A426: TO10.06.5.S09 | B426: Phuong trinh vo ty - danh gia, phuong phap ham so | C426: {=IFERROR(INDEX(Sheet2!B:B, MATCH(TRUE, LEFT(Sheet2!A:A,9)=LEFT(A426,9),0)),"")}
A427: TO10.06.5.S10 | B427: Tim m de phuong trinh hon hop co nghiem | C427: {=IFERROR(INDEX(Sheet2!B:B, MATCH(TRUE, LEFT(Sheet2!A:A,9)=LEFT(A427,9),0)),"")}
A428: TO10.06.5.S11 | C428: {=IFERROR(INDEX(Sheet2!B:B, MATCH(TRUE, LEFT(Sheet2!A:A,9)=LEFT(A428,9),0)),"")}
C429: {=IFERROR(INDEX(Sheet2!B:B, MATCH(TRUE, LEFT(Sheet2!A:A,9)=LEFT(A429,9),0)),"")} -> 0
C430: {=IFERROR(INDEX(Sheet2!B:B, MATCH(TRUE, LEFT(Sheet2!A:A,9)=LEFT(A430,9),0)),"")} -> 0
C431: {=IFERROR(INDEX(Sheet2!B:B, MATCH(TRUE, LEFT(Sheet2!A:A,9)=LEFT(A431,9),0)),"")} -> 0
C432: {=IFERROR(INDEX(Sheet2!B:B, MATCH(TRUE, LEFT(Sheet2!A:A,9)=LEFT(A432,9),0)),"")} -> 0
A433: MÃ CĐ | B433: §21. Phuong trinh duong thang | C433: {=IFERROR(INDEX(Sheet2!B:B, MATCH(TRUE, LEFT(Sheet2!A:A,9)=LEFT(A433,9),0)),"")}
A434: TO10.07.1.S01 | B434: Cac cau hoi ly thuyet | C434: {=IFERROR(INDEX(Sheet2!B:B, MATCH(TRUE, LEFT(Sheet2!A:A,9)=LEFT(A434,9),0)),"")}
A435: TO10.07.1.S02 | B435: Phuong trinh duong thang qua 1 diem va co 1 VTPT | C435: {=IFERROR(INDEX(Sheet2!B:B, MATCH(TRUE, LEFT(Sheet2!A:A,9)=LEFT(A435,9),0)),"")}
A436: TO10.07.1.S03 | B436: Phuong trinh duong thang qua 1 diem va co 1 VTCP | C436: {=IFERROR(INDEX(Sheet2!B:B, MATCH(TRUE, LEFT(Sheet2!A:A,9)=LEFT(A436,9),0)),"")}
A437: TO10.07.1.S04 | B437: Phuong trinh duong thang qua 2 diem | C437: {=IFERROR(INDEX(Sheet2!B:B, MATCH(TRUE, LEFT(Sheet2!A:A,9)=LEFT(A437,9),0)),"")}
A438: TO10.07.1.S05 | B438: Phuong trinh duong thang qua 1 diem va vuong goc voi 1 duong thang | C438: {=IFERROR(INDEX(Sheet2!B:B, MATCH(TRUE, LEFT(Sheet2!A:A,9)=LEFT(A438,9),0)),"")}
A439: TO10.07.1.S06 | B439: Phuong trinh duong thang qua 1 diem va song song voi 1 duong thang | C439: {=IFERROR(INDEX(Sheet2!B:B, MATCH(TRUE, LEFT(Sheet2!A:A,9)=LEFT(A439,9),0)),"")}
A440: TO10.07.1.S07 | B440: Phuong trinh duong thang qua 1 diem, co he so goc k cho truoc | C440: {=IFERROR(INDEX(Sheet2!B:B, MATCH(TRUE, LEFT(Sheet2!A:A,9)=LEFT(A440,9),0)),"")}
A441: TO10.07.1.S08 | B441: Phuong trinh duong thang theo doan chan | C441: {=IFERROR(INDEX(Sheet2!B:B, MATCH(TRUE, LEFT(Sheet2!A:A,9)=LEFT(A441,9),0)),"")}
A442: TO10.07.1.S09 | B442: Phuong trinh duong thang qua 1 diem, thoa DK ve goc | C442: {=IFERROR(INDEX(Sheet2!B:B, MATCH(TRUE, LEFT(Sheet2!A:A,9)=LEFT(A442,9),0)),"")}
A443: TO10.07.1.S10 | B443: Phuong trinh duong thang qua 1 diem, thoa DK ve khoang cach | C443: {=IFERROR(INDEX(Sheet2!B:B, MATCH(TRUE, LEFT(Sheet2!A:A,9)=LEFT(A443,9),0)),"")}
A444: TO10.07.1.S11 | B444: PT duong phan giac cua mot goc | C444: {=IFERROR(INDEX(Sheet2!B:B, MATCH(TRUE, LEFT(Sheet2!A:A,9)=LEFT(A444,9),0)),"")}
... A462: TO10.07.1.S29 | B462: Toan thuc te | C462: {=IFERROR(INDEX(Sheet2!B:B, MATCH(TRUE, LEFT(Sheet2!A:A,9)=LEFT(A462,9),0)),"")}
C463: {=IFERROR(INDEX(Sheet2!B:B, MATCH(TRUE, LEFT(Sheet2!A:A,9)=LEFT(A463,9),0)),"")} -> 0
A464: MÃ CĐ | B464: §22. Phuong trinh duong tron | C464: {=IFERROR(INDEX(Sheet2!B:B, MATCH(TRUE, LEFT(Sheet2!A:A,9)=LEFT(A464,9),0)),"")}
A465: TO10.07.2.S01 | B465: Cac cau hoi ly thuyet | C465: {=IFERROR(INDEX(Sheet2!B:B, MATCH(TRUE, LEFT(Sheet2!A:A,9)=LEFT(A465,9),0)),"")}
A466: TO10.07.2.S02 | B466: DK xac dinh phuong trinh duong tron | C466: {=IFERROR(INDEX(Sheet2!B:B, MATCH(TRUE, LEFT(Sheet2!A:A,9)=LEFT(A466,9),0)),"")}
A467: TO10.07.2.S03 | B467: Tim toa do tam va tinh ban kinh cua duong tron | C467: {=IFERROR(INDEX(Sheet2!B:B, MATCH(TRUE, LEFT(Sheet2!A:A,9)=LEFT(A467,9),0)),"")}
A468: TO10.07.2.S04 | B468: Phuong trinh duong tron tam I va ban kinh R | C468: {=IFERROR(INDEX(Sheet2!B:B, MATCH(TRUE, LEFT(Sheet2!A:A,9)=LEFT(A468,9),0)),"")}
A469: TO10.07.2.S05 | B469: Phuong trinh duong tron tam I va di qua diem M | C469: {=IFERROR(INDEX(Sheet2!B:B, MATCH(TRUE, LEFT(Sheet2!A:A,9)=LEFT(A469,9),0)),"")}
A470: TO10.07.2.S06 | B470: Phuong trinh duong tron duong kinh AB | C470: {=IFERROR(INDEX(Sheet2!B:B, MATCH(TRUE, LEFT(Sheet2!A:A,9)=LEFT(A470,9),0)),"")}
A471: TO10.07.2.S07 | B471: Phuong trinh duong tron tam I va tiep xuc voi d | C471: {=IFERROR(INDEX(Sheet2!B:B, MATCH(TRUE, LEFT(Sheet2!A:A,9)=LEFT(A471,9),0)),"")}
A472: TO10.07.2.S08 | B472: Phuong trinh duong tron ngoai tiep tam giac | C472: {=IFERROR(INDEX(Sheet2!B:B, MATCH(TRUE, LEFT(Sheet2!A:A,9)=LEFT(A472,9),0)),"")}
A473: TO10.07.2.S09 | B473: Phuong trinh duong tron noi tiep tam giac | C473: {=IFERROR(INDEX(Sheet2!B:B, MATCH(TRUE, LEFT(Sheet2!A:A,9)=LEFT(A473,9),0)),"")}
A474: TO10.07.2.S10 | B474: Phuong trinh duong tron biet tam thuoc d va qua 2 diem | C474: {=IFERROR(INDEX(Sheet2!B:B, MATCH(TRUE, LEFT(Sheet2!A:A,9)=LEFT(A474,9),0)),"")}
A475: TO10.07.2.S11 | B475: Phuong trinh duong tron biet tam thuoc d, qua A, tiep xuc d’ | C475: {=IFERROR(INDEX(Sheet2!B:B, MATCH(TRUE, LEFT(Sheet2!A:A,9)=LEFT(A475,9),0)),"")}
... A488: TO10.07.2.S24 | B488: Toan thuc te | C488: {=IFERROR(INDEX(Sheet2!B:B, MATCH(TRUE, LEFT(Sheet2!A:A,9)=LEFT(A488,9),0)),"")}
C489: {=IFERROR(INDEX(Sheet2!B:B, MATCH(TRUE, LEFT(Sheet2!A:A,9)=LEFT(A489,9),0)),"")} -> 0
A490: MÃ CĐ | B490: §23. Phuong trinh elip | C490: {=IFERROR(INDEX(Sheet2!B:B, MATCH(TRUE, LEFT(Sheet2!A:A,9)=LEFT(A490,9),0)),"")}
A491: TO10.07.3.S01 | B491: Cac cau hoi ly thuyet | C491: {=IFERROR(INDEX(Sheet2!B:B, MATCH(TRUE, LEFT(Sheet2!A:A,9)=LEFT(A491,9),0)),"")}
A492: TO10.07.3.S02 | B492: Nhan dang phuong trinh duong Elip | C492: {=IFERROR(INDEX(Sheet2!B:B, MATCH(TRUE, LEFT(Sheet2!A:A,9)=LEFT(A492,9),0)),"")}
A493: TO10.07.3.S03 | B493: Xac dinh cac thong tin tren Elip | C493: {=IFERROR(INDEX(Sheet2!B:B, MATCH(TRUE, LEFT(Sheet2!A:A,9)=LEFT(A493,9),0)),"")}
A494: TO10.07.3.S04 | B494: Phuong trinh Elip biet cac yeu to (tam sai, do dai cac truc, tieu cu…) | C494: {=IFERROR(INDEX(Sheet2!B:B, MATCH(TRUE, LEFT(Sheet2!A:A,9)=LEFT(A494,9),0)),"")}
A495: TO10.07.3.S05 | B495: Tim diem thuoc Elip thoa DK cho truoc | C495: {=IFERROR(INDEX(Sheet2!B:B, MATCH(TRUE, LEFT(Sheet2!A:A,9)=LEFT(A495,9),0)),"")}
A496: TO10.07.3.S06 | B496: Diem M thuoc Elip thoa tong, hieu (ve do dai) khong doi | C496: {=IFERROR(INDEX(Sheet2!B:B, MATCH(TRUE, LEFT(Sheet2!A:A,9)=LEFT(A496,9),0)),"")}
A497: TO10.07.3.S07 | B497: Viet phuong trinh tiep tuyen cua Elip | C497: {=IFERROR(INDEX(Sheet2!B:B, MATCH(TRUE, LEFT(Sheet2!A:A,9)=LEFT(A497,9),0)),"")}
A498: TO10.07.3.S08 | B498: Moi lien he giua duong thang va Elip | C498: {=IFERROR(INDEX(Sheet2!B:B, MATCH(TRUE, LEFT(Sheet2!A:A,9)=LEFT(A498,9),0)),"")}
A499: TO10.07.3.S09 | B499: Moi lien he giua duong tron va Elip | C499: {=IFERROR(INDEX(Sheet2!B:B, MATCH(TRUE, LEFT(Sheet2!A:A,9)=LEFT(A499,9),0)),"")}
A500: TO10.07.3.S10 | B500: Toan thuc te | C500: {=IFERROR(INDEX(Sheet2!B:B, MATCH(TRUE, LEFT(Sheet2!A:A,9)=LEFT(A500,9),0)),"")}
C501: {=IFERROR(INDEX(Sheet2!B:B, MATCH(TRUE, LEFT(Sheet2!A:A,9)=LEFT(A501,9),0)),"")} -> 0
A502: MÃ CĐ | B502: §24. Phuong trinh parabol | C502: {=IFERROR(INDEX(Sheet2!B:B, MATCH(TRUE, LEFT(Sheet2!A:A,9)=LEFT(A502,9),0)),"")}
...

Sheet Sheet2
A1: TO11.01.1 | B1: Ham so luong giac va phuong trinh luong giac/Cac cung va goc luong giac
A2: TO11.01.2 | B2: Ham so luong giac va phuong trinh luong giac/Gia tri luong giac cua mot cung
A3: TO11.01.3 | B3: Ham so luong giac va phuong trinh luong giac/Cong thuc luong giac
A4: TO11.01.4 | B4: Ham so luong giac va phuong trinh luong giac/Cac he thuc luong trong tam giac
A5: TO11.01.5 | B5: Ham so luong giac va phuong trinh luong giac/Ham so luong giac
A6: TO11.01.6 | B6: Ham so luong giac va phuong trinh luong giac/Phuong trinh luong giac
A7: TO11.02.1 | B7: To hop – Xac suat/Quy tac cong – Quy tac nhan
A8: TO11.02.2 | B8: To hop – Xac suat/Hoan vi – Chinh hop – To hop
A9: TO11.02.3 | B9: To hop – Xac suat/Nhi thuc Newton
A10: TO11.02.4 | B10: To hop – Xac suat/Xac suat
A11: TO11.03.1 | B11: Day so – Cap so cong – Cap so nhan/Day so
A12: TO11.03.2 | B12: Day so – Cap so cong – Cap so nhan/Cap so cong
... A25: TO11.06.4 | B25: Hinh hoc khong gian/Khoang cach
